id|name|link
SPACE_MARINES|Space Marines|https://wahapedia.ru/wh40k10ed/factions/space-marines/
CHAOS_SPACE_MARINES|Chaos Space Marines|https://wahapedia.ru/wh40k10ed/factions/chaos-space-marines/
AELDARI|Aeldari|https://wahapedia.ru/wh40k10ed/factions/aeldari/
NECRONS|Necrons|https://wahapedia.ru/wh40k10ed/factions/necrons/
ORKS|Orks|https://wahapedia.ru/wh40k10ed/factions/orks/
TYRANIDS|Tyranids|https://wahapedia.ru/wh40k10ed/factions/tyranids/
TAU_EMPIRE|T'au Empire|https://wahapedia.ru/wh40k10ed/factions/t-au-empire/
